transaction_id,timestamp,amount,hour,customer_age,account_age_days,num_transactions,previous_chargebacks,previous_returns,device_type,payment_method,location,transaction_frequency,failed_payment_attempts,is_new_device,days_since_last_transaction,avg_transaction_amount,merchant_category,is_fraud
TXN-100000,2026-05-25 00:01:04.387296+00:00,35.58,20,62,197,16,0,2,desktop,debit_card,US-NY,1.64,2,0,6,39.49,digital_goods,0
TXN-100001,2026-05-25 03:35:59.387296+00:00,42.95,15,31,192,56,0,1,mobile,credit_card,GB-LON,1.69,0,0,27,55.75,subscriptions,0
TXN-100002,2026-05-25 03:56:54.387296+00:00,181.95,12,42,479,13,0,1,mobile,wallet,FR-PAR,2.82,3,1,28,91.62,subscriptions,0
TXN-100003,2026-05-25 09:07:40.387296+00:00,20.04,18,72,61,73,0,3,desktop,credit_card,DE-BER,0.56,0,0,1,16.52,grocery,0
TXN-100004,2026-05-25 12:05:24.387296+00:00,22.19,20,65,139,32,0,0,tablet,debit_card,DE-BER,2.63,0,1,3,47.76,fashion,0
TXN-100005,2026-05-25 13:01:37.387296+00:00,490.44,22,70,217,67,0,1,desktop,credit_card,GB-LON,0.44,0,0,1,219.24,fashion,0
TXN-100006,2026-05-25 15:10:17.387296+00:00,59.15,16,63,525,6,0,1,tablet,paypal,BR-SAO,4.53,0,0,4,27.79,electronics,0
TXN-100007,2026-05-25 15:41:26.387296+00:00,30.76,11,62,478,23,0,0,mobile,credit_card,FR-PAR,3.11,0,0,21,85.44,travel,0
TXN-100008,2026-05-25 16:53:05.387296+00:00,64.89,12,41,586,62,0,1,desktop,bank_transfer,US-CA,1.34,0,0,13,72.62,digital_goods,0
TXN-100009,2026-05-25 22:57:46.387296+00:00,37.93,10,42,245,3,0,0,desktop,credit_card,GB-LON,7.71,0,0,4,88.99,subscriptions,0
TXN-100010,2026-05-26 05:12:43.387296+00:00,79.13,21,47,83,13,0,1,mobile,paypal,AU-SYD,2.4,0,0,0,84.47,fashion,0
TXN-100011,2026-05-26 11:27:46.387296+00:00,95.19,13,66,244,96,0,2,desktop,paypal,BR-SAO,3.72,2,0,2,53.45,travel,0
TXN-100012,2026-05-26 12:42:49.387296+00:00,205.19,14,55,205,28,0,1,desktop,bank_transfer,GB-LON,5.43,0,0,2,79.73,travel,0
TXN-100013,2026-05-26 13:28:35.387296+00:00,73.11,10,42,347,16,0,0,desktop,debit_card,SG-SIN,3.35,1,0,4,54.05,grocery,1
TXN-100014,2026-05-26 19:25:00.387296+00:00,124.94,15,68,79,31,0,1,mobile,credit_card,FR-PAR,1.73,1,0,25,101.27,subscriptions,0
TXN-100015,2026-05-26 19:36:33.387296+00:00,18.59,8,68,53,16,0,0,mobile,debit_card,IN-DEL,4.97,0,1,3,59.76,subscriptions,1
TXN-100016,2026-05-26 20:44:07.387296+00:00,11.34,9,21,550,20,0,0,desktop,credit_card,BR-SAO,5.06,1,0,5,26.53,grocery,0
TXN-100017,2026-05-26 21:37:54.387296+00:00,153.88,13,42,275,27,0,2,desktop,debit_card,US-CA,6.91,0,0,1,95.92,fashion,0
TXN-100018,2026-05-27 00:37:02.387296+00:00,166.6,8,49,2036,12,0,0,mobile,credit_card,DE-BER,2.87,0,0,9,159.98,digital_goods,0
TXN-100019,2026-05-27 02:17:57.387296+00:00,144.85,16,71,183,11,0,1,tablet,bank_transfer,US-TX,3.11,6,0,4,70.12,luxury,1
TXN-100020,2026-05-27 03:10:38.387296+00:00,13.55,6,66,41,39,0,3,desktop,debit_card,BR-SAO,1.49,0,0,5,62.12,travel,0
TXN-100021,2026-05-27 06:00:35.387296+00:00,29.2,12,49,121,49,0,1,mobile,paypal,DE-BER,1.18,0,0,1,78.17,subscriptions,0
TXN-100022,2026-05-27 22:03:16.387296+00:00,34.36,22,77,77,68,0,2,tablet,debit_card,US-TX,1.01,0,1,3,53.15,digital_goods,0
TXN-100023,2026-05-28 04:11:26.387296+00:00,53.02,22,27,40,52,0,4,desktop,credit_card,IN-DEL,0.94,1,0,2,48.6,fashion,0
TXN-100024,2026-05-28 06:05:28.387296+00:00,46.26,16,62,472,4,0,1,mobile,paypal,AU-SYD,0.45,0,0,5,61.75,subscriptions,0
TXN-100025,2026-05-28 17:58:45.387296+00:00,69.03,6,32,2233,78,2,2,mobile,paypal,BR-SAO,1.45,0,1,1,53.73,electronics,0
TXN-100026,2026-05-29 02:40:31.387296+00:00,38.11,15,58,116,21,0,0,tablet,credit_card,SG-SIN,2.61,0,0,9,37.8,subscriptions,0
TXN-100027,2026-05-29 07:35:58.387296+00:00,61.89,15,29,134,30,0,1,desktop,credit_card,AU-SYD,2.53,0,0,0,84.92,electronics,0
TXN-100028,2026-05-29 13:57:35.387296+00:00,22.17,9,25,498,17,0,1,desktop,credit_card,US-TX,2.17,0,0,20,43.22,fashion,0
TXN-100029,2026-05-30 00:08:00.387296+00:00,144.79,21,52,56,20,0,3,tablet,debit_card,IN-DEL,4.52,3,0,2,139.22,travel,0
TXN-100030,2026-05-30 05:20:49.387296+00:00,31.72,2,32,138,7,0,0,mobile,debit_card,US-TX,4.26,0,0,14,47.97,subscriptions,0
TXN-100031,2026-05-30 07:25:53.387296+00:00,51.93,9,28,38,69,0,1,mobile,credit_card,FR-PAR,0.59,1,1,0,88.48,travel,0
TXN-100032,2026-05-30 08:10:50.387296+00:00,34.42,8,24,510,71,0,2,mobile,debit_card,BR-SAO,2.92,0,0,6,30.32,travel,0
TXN-100033,2026-05-30 12:57:55.387296+00:00,73.27,21,42,323,125,0,0,desktop,bank_transfer,DE-BER,4.32,1,0,0,40.48,digital_goods,0
TXN-100034,2026-05-31 04:22:52.387296+00:00,91.37,16,69,611,60,0,2,mobile,debit_card,SG-SIN,5.23,0,0,14,113.59,subscriptions,0
TXN-100035,2026-05-31 07:16:45.387296+00:00,109.75,10,38,268,68,0,0,mobile,bank_transfer,US-NY,0.56,0,0,0,86.78,travel,0
TXN-100036,2026-05-31 18:15:42.387296+00:00,9.07,12,75,324,86,0,2,mobile,credit_card,US-CA,4.89,1,0,3,47.25,luxury,0
TXN-100037,2026-05-31 22:28:40.387296+00:00,25.29,16,32,141,12,0,2,mobile,debit_card,US-NY,8.34,0,0,2,54.02,subscriptions,0
TXN-100038,2026-06-01 00:54:41.387296+00:00,80.81,16,30,966,34,0,1,mobile,bank_transfer,US-TX,1.73,0,0,9,135.68,subscriptions,1
TXN-100039,2026-06-01 19:47:53.387296+00:00,241.3,20,72,496,15,2,3,mobile,credit_card,FR-PAR,10.5,0,0,9,90.87,electronics,0
TXN-100040,2026-06-02 00:23:15.387296+00:00,50.32,20,72,165,2,0,1,tablet,credit_card,US-CA,4.47,0,1,5,51.47,luxury,0
TXN-100041,2026-06-02 05:59:36.387296+00:00,50.79,16,46,68,50,2,1,mobile,paypal,US-CA,3.56,0,0,6,46.41,luxury,0
TXN-100042,2026-06-03 05:11:51.387296+00:00,25.42,15,51,450,12,0,0,mobile,credit_card,US-CA,1.26,5,0,10,27.59,travel,0
TXN-100043,2026-06-03 08:13:18.387296+00:00,45.22,15,21,63,23,0,1,desktop,wallet,BR-SAO,1.15,0,0,14,27.02,subscriptions,0
TXN-100044,2026-06-03 13:56:43.387296+00:00,55.49,20,25,168,35,0,0,desktop,debit_card,AU-SYD,3.69,1,0,0,111.12,travel,0
TXN-100045,2026-06-03 15:39:56.387296+00:00,87.74,11,42,44,19,0,1,mobile,debit_card,GB-LON,6.98,1,0,12,73.21,subscriptions,0
TXN-100046,2026-06-03 18:27:56.387296+00:00,98.81,17,28,509,31,0,1,mobile,debit_card,BR-SAO,3.54,0,0,29,206.79,travel,0
TXN-100047,2026-06-03 20:33:20.387296+00:00,59.09,11,32,28,76,0,0,mobile,credit_card,BR-SAO,2.98,3,0,2,46.86,subscriptions,0
TXN-100048,2026-06-03 22:17:37.387296+00:00,53.93,16,48,80,22,0,1,mobile,bank_transfer,SG-SIN,2.19,2,0,14,110.39,grocery,1
TXN-100049,2026-06-03 23:16:53.387296+00:00,18.65,3,40,155,22,0,0,mobile,credit_card,DE-BER,1.4,0,0,2,24.4,fashion,0
TXN-100050,2026-06-04 02:39:33.387296+00:00,37.57,14,44,50,190,0,1,desktop,debit_card,BR-SAO,1.85,1,0,2,136.2,travel,0
TXN-100051,2026-06-04 05:29:38.387296+00:00,71.44,17,62,812,26,0,3,desktop,credit_card,SG-SIN,5.33,1,0,23,55.95,luxury,0
TXN-100052,2026-06-04 06:42:01.387296+00:00,109.45,17,22,207,23,2,2,mobile,debit_card,US-TX,2.14,0,1,8,57.4,grocery,0
TXN-100053,2026-06-04 08:47:41.387296+00:00,62.41,17,27,547,38,0,1,mobile,credit_card,US-CA,4.19,3,1,4,39.18,grocery,0
TXN-100054,2026-06-04 14:22:12.387296+00:00,31.24,11,34,114,10,4,1,tablet,paypal,US-NY,1.42,0,0,4,45.88,luxury,1
TXN-100055,2026-06-05 05:52:55.387296+00:00,25.31,8,32,654,20,0,0,desktop,credit_card,BR-SAO,0.6,0,0,10,27.99,digital_goods,0
TXN-100056,2026-06-05 07:11:15.387296+00:00,30.58,12,18,435,20,1,1,tablet,credit_card,GB-LON,1.15,1,0,3,29.64,luxury,1
TXN-100057,2026-06-05 21:11:13.387296+00:00,19.57,12,43,337,133,0,0,mobile,credit_card,US-NY,2.33,0,1,3,28.41,luxury,0
TXN-100058,2026-06-06 02:08:01.387296+00:00,46.22,12,25,397,34,0,0,mobile,debit_card,AU-SYD,2.92,1,0,4,27.11,travel,0
TXN-100059,2026-06-06 10:42:37.387296+00:00,84.33,5,62,509,4,0,3,mobile,credit_card,US-CA,3.33,0,1,11,49.74,electronics,0
TXN-100060,2026-06-06 12:28:16.387296+00:00,143.78,8,55,1389,92,0,0,desktop,paypal,AU-SYD,0.24,4,0,2,140.44,luxury,0
TXN-100061,2026-06-06 17:40:42.387296+00:00,71.05,11,32,2765,74,0,2,tablet,credit_card,US-TX,4.06,0,0,6,58.98,luxury,0
TXN-100062,2026-06-06 19:10:52.387296+00:00,26.61,8,48,319,33,0,1,tablet,credit_card,BR-SAO,6.05,1,0,4,29.63,digital_goods,0
TXN-100063,2026-06-06 22:27:33.387296+00:00,36.3,11,46,288,24,0,1,tablet,credit_card,US-CA,0.67,0,0,27,49.34,travel,0
TXN-100064,2026-06-07 02:12:22.387296+00:00,41.74,13,56,547,29,0,2,mobile,credit_card,US-NY,1.07,0,0,3,48.69,grocery,1
TXN-100065,2026-06-07 14:20:10.387296+00:00,34.31,21,26,119,10,0,0,mobile,bank_transfer,GB-LON,7.92,0,1,0,43.72,luxury,0
TXN-100066,2026-06-07 18:17:58.387296+00:00,247.84,14,64,136,11,0,1,desktop,credit_card,IN-DEL,1.45,3,0,3,217.09,fashion,0
TXN-100067,2026-06-07 22:41:18.387296+00:00,127.15,11,19,510,16,0,1,mobile,debit_card,SG-SIN,2.02,0,0,1,84.27,grocery,0
TXN-100068,2026-06-08 04:32:24.387296+00:00,45.04,10,45,154,14,0,0,mobile,credit_card,GB-LON,3.9,1,0,0,53.9,fashion,0
TXN-100069,2026-06-08 07:02:32.387296+00:00,74.76,15,30,883,9,0,2,mobile,paypal,AU-SYD,2.33,1,0,3,83.01,grocery,0
TXN-100070,2026-06-08 09:45:03.387296+00:00,107.15,15,34,71,14,0,0,mobile,debit_card,BR-SAO,1.76,0,0,17,133.54,electronics,0
TXN-100071,2026-06-08 11:38:24.387296+00:00,43.84,12,68,712,37,1,0,desktop,debit_card,BR-SAO,1.61,0,0,1,50.88,grocery,0
TXN-100072,2026-06-09 01:59:13.387296+00:00,67.4,20,25,281,78,0,4,desktop,paypal,FR-PAR,2.32,0,0,9,49.67,fashion,0
TXN-100073,2026-06-09 07:02:49.387296+00:00,22.11,2,62,100,28,1,0,desktop,paypal,DE-BER,0.92,1,0,13,28.18,subscriptions,0
TXN-100074,2026-06-09 07:15:16.387296+00:00,83.0,21,60,876,27,0,1,mobile,credit_card,SG-SIN,2.77,1,0,3,99.98,digital_goods,0
TXN-100075,2026-06-09 07:51:28.387296+00:00,81.4,22,35,32,45,0,1,tablet,debit_card,DE-BER,1.4,0,0,6,160.1,subscriptions,0
TXN-100076,2026-06-09 10:13:31.387296+00:00,24.92,11,54,3148,10,0,1,desktop,credit_card,GB-LON,0.4,1,0,8,42.55,travel,0
TXN-100077,2026-06-09 12:21:00.387296+00:00,66.49,21,46,172,44,0,1,desktop,credit_card,SG-SIN,1.54,1,1,17,59.35,grocery,0
TXN-100078,2026-06-09 16:07:39.387296+00:00,18.66,15,58,318,92,0,0,desktop,debit_card,BR-SAO,2.19,0,0,19,34.71,digital_goods,0
TXN-100079,2026-06-10 00:05:28.387296+00:00,65.15,9,60,273,20,4,2,desktop,credit_card,DE-BER,1.24,1,0,6,74.55,electronics,0
TXN-100080,2026-06-10 06:27:27.387296+00:00,14.8,9,41,244,26,0,0,desktop,debit_card,FR-PAR,2.33,3,0,9,18.47,subscriptions,0
TXN-100081,2026-06-10 15:03:38.387296+00:00,32.3,17,54,300,15,0,1,mobile,bank_transfer,US-NY,4.83,2,0,1,57.0,subscriptions,0
TXN-100082,2026-06-10 20:08:25.387296+00:00,18.15,16,63,449,183,0,2,mobile,debit_card,FR-PAR,1.04,0,0,7,31.75,subscriptions,0
TXN-100083,2026-06-11 03:19:21.387296+00:00,14.24,16,63,291,40,0,2,desktop,credit_card,GB-LON,2.99,0,0,11,32.12,fashion,0
TXN-100084,2026-06-11 13:15:03.387296+00:00,95.3,9,67,188,189,0,1,mobile,debit_card,US-NY,1.9,0,0,10,122.73,digital_goods,0
TXN-100085,2026-06-11 13:17:25.387296+00:00,123.69,20,35,409,10,0,0,mobile,wallet,FR-PAR,0.25,0,1,2,74.36,luxury,0
TXN-100086,2026-06-11 15:20:11.387296+00:00,83.13,17,66,943,66,0,0,desktop,paypal,BR-SAO,5.76,3,1,0,56.97,travel,0
TXN-100087,2026-06-11 19:07:49.387296+00:00,26.74,9,40,530,78,0,1,tablet,paypal,US-NY,2.57,0,0,1,56.72,electronics,0
TXN-100088,2026-06-12 06:50:23.387296+00:00,83.25,11,54,508,14,0,3,mobile,bank_transfer,AU-SYD,3.08,0,0,8,104.03,grocery,0
TXN-100089,2026-06-12 08:50:43.387296+00:00,93.68,12,49,119,9,0,0,mobile,wallet,AU-SYD,2.24,0,0,0,46.08,travel,0
TXN-100090,2026-06-12 11:08:37.387296+00:00,59.16,16,61,333,27,1,1,desktop,bank_transfer,FR-PAR,4.46,0,0,1,44.32,electronics,0
TXN-100091,2026-06-12 16:40:35.387296+00:00,170.59,17,25,551,17,0,2,mobile,credit_card,BR-SAO,4.24,0,0,12,108.04,grocery,0
TXN-100092,2026-06-13 17:40:29.387296+00:00,27.2,7,38,281,17,0,0,mobile,credit_card,US-TX,0.36,0,0,7,76.65,luxury,0
TXN-100093,2026-06-13 18:26:31.387296+00:00,31.23,15,68,2924,30,1,0,mobile,debit_card,US-NY,1.36,2,0,5,39.25,digital_goods,0
TXN-100094,2026-06-13 19:02:13.387296+00:00,102.59,9,39,333,17,0,2,mobile,debit_card,GB-LON,0.5,2,0,4,75.63,digital_goods,0
TXN-100095,2026-06-14 00:29:40.387296+00:00,99.17,9,52,1051,26,0,1,mobile,credit_card,BR-SAO,1.22,0,0,13,104.24,electronics,0
TXN-100096,2026-06-14 10:53:33.387296+00:00,47.24,5,30,104,16,0,4,desktop,credit_card,US-TX,3.66,1,0,5,77.98,fashion,0
TXN-100097,2026-06-14 14:13:15.387296+00:00,27.64,10,25,260,11,0,1,desktop,credit_card,US-NY,7.3,0,0,2,63.0,fashion,0
TXN-100098,2026-06-14 14:16:49.387296+00:00,250.91,2,32,368,43,0,1,desktop,credit_card,US-TX,0.63,2,0,21,109.44,travel,0
TXN-100099,2026-06-14 15:03:43.387296+00:00,77.36,19,46,31,10,0,1,desktop,paypal,IN-DEL,1.63,0,0,9,107.53,fashion,0
TXN-100100,2026-06-14 16:31:50.387296+00:00,67.89,9,41,701,60,0,0,mobile,bank_transfer,DE-BER,5.16,0,0,12,87.95,subscriptions,0
TXN-100101,2026-06-14 21:23:27.387296+00:00,22.98,18,65,538,100,0,1,mobile,credit_card,IN-DEL,1.03,0,0,2,44.83,travel,1
TXN-100102,2026-06-15 03:05:29.387296+00:00,233.99,21,62,182,36,0,2,mobile,credit_card,DE-BER,1.54,2,0,18,239.67,digital_goods,0
TXN-100103,2026-06-15 10:55:38.387296+00:00,46.79,12,31,274,20,0,1,mobile,debit_card,US-CA,3.72,0,0,2,82.13,subscriptions,0
TXN-100104,2026-06-15 18:21:50.387296+00:00,52.23,19,50,456,151,1,0,mobile,credit_card,DE-BER,0.71,0,0,2,53.82,grocery,0
TXN-100105,2026-06-15 18:38:44.387296+00:00,179.75,22,65,421,11,0,2,mobile,bank_transfer,AU-SYD,1.3,0,0,0,97.26,luxury,0
TXN-100106,2026-06-15 22:29:16.387296+00:00,89.32,16,42,117,122,0,1,mobile,credit_card,US-TX,1.7,0,0,5,80.86,fashion,0
TXN-100107,2026-06-16 01:31:52.387296+00:00,49.85,12,76,181,23,0,0,desktop,credit_card,IN-DEL,6.01,3,0,1,95.66,fashion,1
TXN-100108,2026-06-16 02:03:12.387296+00:00,38.97,15,24,85,93,0,0,mobile,bank_transfer,AU-SYD,3.8,0,1,13,41.94,electronics,0
TXN-100109,2026-06-16 05:08:13.387296+00:00,39.73,20,36,103,84,0,4,mobile,wallet,US-CA,4.02,0,1,12,30.96,luxury,0
TXN-100110,2026-06-16 18:13:48.387296+00:00,140.73,6,61,149,2,0,1,mobile,credit_card,DE-BER,2.62,2,0,2,137.68,luxury,1
TXN-100111,2026-06-16 18:19:01.387296+00:00,34.44,19,27,337,7,0,0,desktop,credit_card,AU-SYD,2.57,1,0,5,76.8,subscriptions,0
TXN-100112,2026-06-16 23:14:22.387296+00:00,37.86,21,52,791,37,0,1,mobile,credit_card,US-NY,2.43,0,0,0,64.71,subscriptions,0
TXN-100113,2026-06-17 05:35:49.387296+00:00,139.3,17,38,156,9,0,1,mobile,credit_card,DE-BER,1.17,2,0,12,67.15,grocery,0
TXN-100114,2026-06-17 15:45:11.387296+00:00,15.14,16,70,195,68,0,0,desktop,bank_transfer,US-TX,1.64,3,1,16,64.6,luxury,0
TXN-100115,2026-06-17 20:42:08.387296+00:00,17.96,19,40,4000,16,0,2,mobile,bank_transfer,US-NY,4.97,0,0,2,16.87,digital_goods,0
TXN-100116,2026-06-17 23:29:22.387296+00:00,84.38,15,35,461,101,1,1,mobile,credit_card,DE-BER,2.56,0,0,5,65.42,electronics,0
TXN-100117,2026-06-18 09:37:45.387296+00:00,38.52,8,37,690,70,0,0,desktop,paypal,AU-SYD,1.37,1,0,7,60.31,subscriptions,0
TXN-100118,2026-06-18 23:23:52.387296+00:00,22.41,12,74,262,24,0,0,mobile,wallet,IN-DEL,2.6,1,0,17,31.73,fashion,0
TXN-100119,2026-06-19 01:04:02.387296+00:00,41.55,14,47,279,20,1,0,mobile,bank_transfer,DE-BER,3.27,1,0,5,56.39,luxury,0
TXN-100120,2026-06-19 01:26:20.387296+00:00,42.75,10,29,203,21,0,0,desktop,credit_card,FR-PAR,0.4,2,0,2,50.25,subscriptions,0
TXN-100121,2026-06-19 01:59:00.387296+00:00,95.49,10,55,1806,13,0,1,mobile,credit_card,US-CA,3.99,0,1,5,32.26,luxury,0
TXN-100122,2026-06-19 02:09:45.387296+00:00,50.81,7,67,100,13,0,3,mobile,wallet,BR-SAO,4.96,0,0,0,32.15,fashion,0
TXN-100123,2026-06-19 06:22:43.387296+00:00,5.86,16,23,17,17,1,1,tablet,credit_card,US-CA,0.95,0,0,2,30.81,grocery,0
TXN-100124,2026-06-19 07:17:24.387296+00:00,133.24,13,23,339,16,1,0,mobile,debit_card,US-NY,0.77,0,1,2,85.35,luxury,0
TXN-100125,2026-06-19 16:51:14.387296+00:00,156.57,15,75,441,43,0,0,desktop,wallet,SG-SIN,3.79,2,0,16,65.21,grocery,0
TXN-100126,2026-06-19 18:08:26.387296+00:00,50.35,22,20,489,23,0,1,tablet,credit_card,AU-SYD,0.74,1,0,7,47.19,digital_goods,0
TXN-100127,2026-06-19 18:32:13.387296+00:00,36.39,14,48,135,89,0,1,mobile,credit_card,US-TX,2.44,0,0,5,51.48,grocery,0
TXN-100128,2026-06-20 05:23:21.387296+00:00,30.74,12,48,296,26,0,0,mobile,debit_card,US-CA,2.01,2,0,11,49.08,digital_goods,0
TXN-100129,2026-06-20 06:46:33.387296+00:00,47.46,11,32,150,11,0,1,desktop,credit_card,US-NY,2.0,0,0,5,44.64,grocery,0
TXN-100130,2026-06-20 07:49:50.387296+00:00,19.42,19,71,83,31,3,1,mobile,credit_card,US-TX,2.04,1,0,1,27.11,digital_goods,0
TXN-100131,2026-06-20 09:02:22.387296+00:00,153.92,20,44,161,39,2,0,desktop,paypal,AU-SYD,2.84,1,0,5,90.66,digital_goods,0
TXN-100132,2026-06-20 11:56:31.387296+00:00,122.51,9,62,832,59,0,1,mobile,bank_transfer,FR-PAR,1.96,0,0,2,149.41,subscriptions,0
TXN-100133,2026-06-20 15:26:57.387296+00:00,67.22,10,50,720,35,0,0,mobile,debit_card,US-TX,0.66,3,1,9,52.19,subscriptions,1
TXN-100134,2026-06-20 16:52:25.387296+00:00,61.48,17,38,58,3,0,0,mobile,paypal,FR-PAR,1.04,0,0,4,91.64,subscriptions,0
TXN-100135,2026-06-20 18:28:47.387296+00:00,79.11,17,21,205,19,0,2,mobile,wallet,SG-SIN,2.8,0,1,4,109.43,fashion,1
TXN-100136,2026-06-20 19:18:53.387296+00:00,76.37,22,67,417,23,0,0,mobile,paypal,GB-LON,3.31,4,0,11,42.84,subscriptions,0
TXN-100137,2026-06-20 19:53:44.387296+00:00,76.53,21,42,115,97,0,3,mobile,wallet,DE-BER,1.0,3,0,1,36.53,grocery,0
TXN-100138,2026-06-20 21:15:25.387296+00:00,15.35,14,39,87,89,0,0,mobile,wallet,DE-BER,1.91,0,0,5,38.83,luxury,0
TXN-100139,2026-06-21 06:08:43.387296+00:00,80.85,13,35,2743,82,0,1,tablet,debit_card,DE-BER,2.38,1,0,4,56.02,travel,0
TXN-100140,2026-06-21 09:13:46.387296+00:00,298.11,7,70,40,255,0,0,mobile,credit_card,DE-BER,1.28,0,0,1,127.3,grocery,0
TXN-100141,2026-06-21 10:35:27.387296+00:00,66.19,17,51,303,18,0,0,mobile,credit_card,US-CA,1.26,3,1,11,33.18,subscriptions,0
TXN-100142,2026-06-21 12:16:14.387296+00:00,80.36,10,70,141,13,0,0,tablet,credit_card,DE-BER,1.38,6,0,5,80.16,subscriptions,0
TXN-100143,2026-06-21 12:47:56.387296+00:00,68.42,14,29,52,67,0,0,desktop,credit_card,US-TX,3.88,0,0,2,50.39,electronics,0
TXN-100144,2026-06-21 14:04:25.387296+00:00,114.66,21,77,130,3,0,1,mobile,debit_card,BR-SAO,0.24,1,0,7,46.8,subscriptions,0
TXN-100145,2026-06-21 20:08:21.387296+00:00,160.85,9,66,68,57,0,1,mobile,debit_card,IN-DEL,3.28,3,0,1,101.73,travel,0
TXN-100146,2026-06-21 21:01:34.387296+00:00,166.61,14,32,1255,4,0,2,desktop,debit_card,DE-BER,1.16,0,1,0,87.52,luxury,0
TXN-100147,2026-06-21 23:15:38.387296+00:00,98.67,20,51,69,43,0,4,mobile,debit_card,IN-DEL,6.55,0,1,6,165.21,grocery,0
TXN-100148,2026-06-22 02:29:58.387296+00:00,97.38,20,72,331,11,0,1,mobile,debit_card,GB-LON,1.43,0,0,2,82.62,electronics,0
TXN-100149,2026-06-22 05:50:24.387296+00:00,34.58,9,75,793,13,0,2,desktop,wallet,FR-PAR,1.43,4,1,0,55.99,electronics,1
TXN-100150,2026-06-22 11:17:10.387296+00:00,36.42,17,44,38,57,0,1,mobile,credit_card,IN-DEL,4.09,1,0,3,84.46,subscriptions,0
TXN-100151,2026-06-22 18:23:35.387296+00:00,103.87,0,21,792,4,0,0,mobile,debit_card,FR-PAR,3.53,0,0,0,51.19,luxury,0
TXN-100152,2026-06-23 08:48:35.387296+00:00,113.56,22,31,235,13,0,0,desktop,paypal,US-TX,0.46,0,0,1,78.5,electronics,0
TXN-100153,2026-06-23 13:09:03.387296+00:00,41.41,12,33,57,45,0,1,mobile,debit_card,BR-SAO,5.71,0,1,0,44.36,electronics,0
TXN-100154,2026-06-23 17:59:31.387296+00:00,235.26,16,34,119,14,0,0,mobile,credit_card,SG-SIN,1.83,0,0,4,156.69,grocery,0
TXN-100155,2026-06-23 21:13:17.387296+00:00,26.2,21,18,680,3,0,1,mobile,credit_card,FR-PAR,1.32,0,0,6,25.51,electronics,0
TXN-100156,2026-06-23 22:06:43.387296+00:00,28.92,10,75,460,6,0,2,mobile,credit_card,BR-SAO,3.28,1,0,9,50.46,subscriptions,0
TXN-100157,2026-06-24 01:00:14.387296+00:00,29.55,5,18,157,10,0,1,mobile,credit_card,US-TX,0.56,2,0,1,41.32,luxury,0
TXN-100158,2026-06-24 08:52:07.387296+00:00,102.42,12,26,369,1,0,1,mobile,credit_card,GB-LON,2.53,0,0,6,57.1,travel,1
TXN-100159,2026-06-24 11:36:56.387296+00:00,15.71,12,77,199,22,0,0,desktop,paypal,GB-LON,0.99,3,0,15,19.83,travel,0
TXN-100160,2026-06-24 13:29:00.387296+00:00,162.52,11,19,319,14,0,2,mobile,debit_card,GB-LON,1.56,1,0,9,132.13,luxury,0
TXN-100161,2026-06-24 14:28:46.387296+00:00,93.42,16,62,298,5,0,2,tablet,credit_card,SG-SIN,1.9,0,0,12,80.28,electronics,0
TXN-100162,2026-06-24 16:09:33.387296+00:00,45.67,9,68,445,8,0,1,mobile,debit_card,SG-SIN,0.7,2,0,23,73.13,luxury,0
TXN-100163,2026-06-25 08:00:12.387296+00:00,79.52,6,22,302,56,0,3,desktop,paypal,IN-DEL,2.47,3,0,2,61.98,electronics,0
TXN-100164,2026-06-25 08:52:10.387296+00:00,12.85,9,74,130,21,0,1,desktop,bank_transfer,BR-SAO,1.69,0,0,1,29.04,subscriptions,0
TXN-100165,2026-06-25 18:06:45.387296+00:00,38.28,13,54,177,61,0,0,mobile,credit_card,DE-BER,1.5,0,0,11,34.23,luxury,0
TXN-100166,2026-06-25 22:11:23.387296+00:00,43.21,8,66,90,20,0,1,mobile,debit_card,US-CA,3.36,0,0,9,52.5,grocery,0
TXN-100167,2026-06-25 22:51:31.387296+00:00,175.47,16,42,101,9,0,3,mobile,credit_card,GB-LON,6.86,1,0,3,82.39,luxury,0
TXN-100168,2026-06-26 02:42:33.387296+00:00,44.32,1,46,213,60,2,0,mobile,wallet,IN-DEL,0.96,0,0,3,32.86,electronics,1
TXN-100169,2026-06-26 07:21:54.387296+00:00,37.13,13,77,181,51,0,0,desktop,credit_card,US-TX,4.27,2,0,5,33.56,fashion,0
TXN-100170,2026-06-26 08:00:53.387296+00:00,35.81,9,54,4000,3,0,1,tablet,credit_card,GB-LON,3.39,0,1,2,54.78,subscriptions,0
TXN-100171,2026-06-26 09:01:12.387296+00:00,37.02,2,74,124,24,0,2,mobile,debit_card,US-TX,4.29,0,0,2,58.49,travel,0
TXN-100172,2026-06-26 09:43:38.387296+00:00,44.05,3,69,448,100,0,0,mobile,credit_card,US-TX,2.5,2,1,2,54.33,digital_goods,0
TXN-100173,2026-06-26 11:37:14.387296+00:00,52.78,9,30,352,37,0,1,tablet,credit_card,US-NY,3.1,1,0,0,54.32,subscriptions,0
TXN-100174,2026-06-26 15:44:50.387296+00:00,93.51,8,34,785,5,0,0,desktop,credit_card,GB-LON,3.4,1,1,0,72.35,travel,0
TXN-100175,2026-06-26 17:50:38.387296+00:00,45.07,7,36,301,5,0,0,tablet,paypal,GB-LON,1.0,1,1,3,39.7,digital_goods,0
TXN-100176,2026-06-26 22:40:53.387296+00:00,101.76,13,36,351,18,0,1,desktop,paypal,US-TX,5.12,4,1,4,95.35,digital_goods,0
TXN-100177,2026-06-27 09:24:52.387296+00:00,83.33,16,55,215,7,0,0,mobile,credit_card,DE-BER,3.48,0,0,3,137.18,travel,0
TXN-100178,2026-06-27 17:30:44.387296+00:00,120.23,11,62,1605,41,0,1,mobile,credit_card,FR-PAR,2.96,1,0,9,67.55,travel,0
TXN-100179,2026-06-28 00:52:56.387296+00:00,119.87,18,24,59,101,0,0,mobile,wallet,FR-PAR,1.27,0,0,6,164.24,grocery,0
TXN-100180,2026-06-28 11:36:29.387296+00:00,92.97,15,65,481,4,0,2,desktop,paypal,US-NY,1.48,0,0,5,47.38,luxury,0
TXN-100181,2026-06-28 13:24:37.387296+00:00,27.13,16,22,65,7,0,1,mobile,debit_card,DE-BER,0.29,0,0,5,50.3,subscriptions,0
TXN-100182,2026-06-28 17:52:37.387296+00:00,26.38,21,26,92,26,0,0,mobile,paypal,US-NY,2.13,1,0,6,43.55,travel,0
TXN-100183,2026-06-28 19:06:29.387296+00:00,36.35,19,66,89,20,0,3,mobile,credit_card,AU-SYD,2.42,1,0,1,58.82,luxury,0
TXN-100184,2026-06-28 21:46:00.387296+00:00,27.41,6,30,132,60,0,2,mobile,credit_card,US-CA,2.32,0,0,1,57.35,grocery,0
TXN-100185,2026-06-29 07:04:13.387296+00:00,21.69,14,30,304,20,0,0,mobile,credit_card,US-NY,4.56,0,0,5,45.14,subscriptions,0
TXN-100186,2026-06-29 17:47:32.387296+00:00,126.82,12,43,49,22,0,2,mobile,wallet,SG-SIN,1.08,0,0,17,60.82,luxury,0
TXN-100187,2026-06-29 20:24:52.387296+00:00,229.66,16,60,111,78,0,0,desktop,credit_card,BR-SAO,4.04,3,0,2,83.12,electronics,0
TXN-100188,2026-06-30 00:12:28.387296+00:00,169.32,9,34,267,50,0,3,mobile,debit_card,GB-LON,1.71,0,0,3,109.72,travel,0
TXN-100189,2026-06-30 05:02:39.387296+00:00,198.67,10,23,407,51,0,0,mobile,debit_card,AU-SYD,1.05,0,0,4,176.89,luxury,0
TXN-100190,2026-06-30 07:21:01.387296+00:00,64.03,15,70,135,45,0,1,desktop,debit_card,SG-SIN,1.19,3,0,2,93.76,travel,0
TXN-100191,2026-06-30 14:55:28.387296+00:00,25.83,13,77,1203,49,0,1,mobile,debit_card,US-TX,1.95,0,1,3,45.34,subscriptions,1
TXN-100192,2026-06-30 15:42:41.387296+00:00,20.12,15,46,139,27,2,0,desktop,credit_card,GB-LON,2.56,0,0,2,21.08,electronics,0
TXN-100193,2026-06-30 16:55:47.387296+00:00,68.86,19,64,355,36,3,0,desktop,paypal,BR-SAO,2.02,0,0,1,57.19,digital_goods,0
TXN-100194,2026-06-30 18:38:31.387296+00:00,37.2,1,46,841,29,0,1,desktop,credit_card,BR-SAO,2.47,1,0,5,57.42,travel,0
TXN-100195,2026-06-30 23:31:07.387296+00:00,15.0,12,74,81,5,0,2,desktop,credit_card,US-TX,3.87,1,0,0,11.19,grocery,0
TXN-100196,2026-07-01 04:17:07.387296+00:00,45.7,13,47,62,12,0,1,mobile,credit_card,FR-PAR,1.08,0,0,6,48.48,electronics,0
TXN-100197,2026-07-01 05:15:07.387296+00:00,33.27,15,63,913,16,0,0,desktop,bank_transfer,US-TX,1.48,0,0,10,50.22,grocery,0
TXN-100198,2026-07-01 05:27:13.387296+00:00,20.05,21,71,116,68,0,1,desktop,bank_transfer,GB-LON,2.47,0,0,12,33.94,travel,0
TXN-100199,2026-07-01 06:22:04.387296+00:00,152.77,20,41,375,12,0,2,mobile,wallet,US-TX,4.27,0,0,3,146.71,travel,0
TXN-100200,2026-07-01 07:38:13.387296+00:00,12.13,4,49,286,15,0,2,mobile,credit_card,US-NY,1.1,0,0,3,34.32,subscriptions,0
TXN-100201,2026-07-01 12:04:14.387296+00:00,37.38,9,28,197,16,1,1,desktop,credit_card,AU-SYD,4.49,0,0,19,49.25,travel,0
TXN-100202,2026-07-01 16:09:41.387296+00:00,68.96,21,74,1207,25,3,1,mobile,debit_card,AU-SYD,3.02,1,0,2,75.17,luxury,0
TXN-100203,2026-07-01 19:20:39.387296+00:00,39.13,14,29,147,5,0,2,desktop,paypal,DE-BER,6.13,0,0,3,29.11,grocery,0
TXN-100204,2026-07-01 21:34:39.387296+00:00,198.68,13,26,89,37,0,3,mobile,debit_card,AU-SYD,3.8,1,0,24,138.91,subscriptions,0
TXN-100205,2026-07-01 23:55:00.387296+00:00,56.43,8,65,119,12,1,1,desktop,credit_card,AU-SYD,3.13,0,0,0,69.22,subscriptions,1
TXN-100206,2026-07-02 02:36:44.387296+00:00,119.53,22,77,261,36,1,1,tablet,paypal,FR-PAR,5.44,1,0,0,92.02,fashion,0
TXN-100207,2026-07-02 06:06:09.387296+00:00,66.29,15,49,297,52,0,0,mobile,debit_card,US-TX,3.26,1,0,1,65.07,digital_goods,0
TXN-100208,2026-07-02 10:04:02.387296+00:00,49.06,7,40,261,9,3,1,desktop,credit_card,US-CA,2.01,2,0,6,33.2,electronics,1
TXN-100209,2026-07-02 11:25:56.387296+00:00,119.6,8,62,20,66,0,0,mobile,debit_card,DE-BER,2.64,0,1,27,43.53,travel,0
TXN-100210,2026-07-02 14:52:07.387296+00:00,93.45,20,29,35,15,0,2,mobile,wallet,AU-SYD,1.03,0,0,9,48.75,subscriptions,0
TXN-100211,2026-07-02 21:14:56.387296+00:00,53.5,19,58,168,13,0,1,mobile,bank_transfer,DE-BER,1.69,0,1,8,47.91,digital_goods,0
TXN-100212,2026-07-02 23:28:04.387296+00:00,43.46,6,67,371,58,0,0,mobile,debit_card,US-CA,0.23,0,0,2,80.54,grocery,0
TXN-100213,2026-07-03 02:38:40.387296+00:00,36.56,8,48,156,91,0,1,desktop,credit_card,US-TX,0.62,3,1,9,97.68,travel,0
TXN-100214,2026-07-03 05:51:59.387296+00:00,106.05,19,71,2507,74,1,1,mobile,bank_transfer,US-TX,2.15,1,1,4,39.49,subscriptions,0
TXN-100215,2026-07-03 13:01:12.387296+00:00,81.39,10,37,87,11,0,0,tablet,paypal,AU-SYD,1.07,0,0,3,82.16,digital_goods,0
TXN-100216,2026-07-04 00:56:09.387296+00:00,11.52,9,25,149,19,0,2,mobile,credit_card,SG-SIN,2.84,0,1,5,14.78,fashion,0
TXN-100217,2026-07-04 03:01:17.387296+00:00,24.76,15,32,47,36,0,1,mobile,credit_card,FR-PAR,2.23,0,0,3,50.97,digital_goods,0
TXN-100218,2026-07-04 03:54:14.387296+00:00,17.85,11,20,122,17,0,2,mobile,credit_card,BR-SAO,2.29,0,0,2,40.32,travel,0
TXN-100219,2026-07-04 06:26:28.387296+00:00,46.72,17,40,321,7,0,0,mobile,debit_card,IN-DEL,5.07,0,0,8,52.97,digital_goods,0
TXN-100220,2026-07-04 12:49:50.387296+00:00,246.63,11,27,346,49,0,0,mobile,credit_card,DE-BER,2.62,0,0,29,114.97,fashion,0
TXN-100221,2026-07-04 18:42:10.387296+00:00,57.09,22,68,1001,27,0,1,desktop,debit_card,DE-BER,2.14,1,0,17,66.11,grocery,0
TXN-100222,2026-07-04 19:16:39.387296+00:00,29.15,7,38,244,41,1,1,desktop,paypal,GB-LON,0.99,0,0,5,29.37,grocery,0
TXN-100223,2026-07-04 21:26:05.387296+00:00,18.35,17,27,146,4,0,1,mobile,credit_card,US-TX,4.06,0,1,14,37.96,digital_goods,0
TXN-100224,2026-07-04 22:01:39.387296+00:00,95.4,19,19,94,23,0,1,mobile,wallet,GB-LON,1.14,0,0,2,103.04,digital_goods,0
TXN-100225,2026-07-05 05:21:37.387296+00:00,44.87,11,64,186,72,0,1,mobile,debit_card,AU-SYD,3.34,0,1,15,23.89,fashion,0
TXN-100226,2026-07-05 19:53:24.387296+00:00,11.52,19,55,118,46,1,0,desktop,debit_card,FR-PAR,0.1,0,0,17,13.96,grocery,0
TXN-100227,2026-07-06 06:49:56.387296+00:00,49.6,22,53,283,13,0,2,mobile,wallet,GB-LON,5.12,1,0,0,50.22,travel,0
TXN-100228,2026-07-06 14:01:17.387296+00:00,38.6,14,59,92,14,0,1,mobile,debit_card,SG-SIN,0.87,0,0,0,49.0,digital_goods,0
TXN-100229,2026-07-06 14:49:09.387296+00:00,11.19,18,69,95,15,0,1,mobile,credit_card,US-CA,9.03,3,0,3,36.97,fashion,0
TXN-100230,2026-07-07 05:53:47.387296+00:00,36.68,14,31,460,38,0,2,mobile,credit_card,BR-SAO,1.6,2,0,1,47.81,digital_goods,0
TXN-100231,2026-07-07 10:44:27.387296+00:00,67.36,14,29,245,37,0,0,desktop,debit_card,IN-DEL,1.48,0,0,6,94.69,travel,0
TXN-100232,2026-07-07 14:06:40.387296+00:00,294.71,17,30,38,60,0,1,mobile,debit_card,DE-BER,0.48,0,1,32,369.3,grocery,0
TXN-100233,2026-07-08 00:39:31.387296+00:00,16.29,14,50,74,22,0,1,desktop,credit_card,IN-DEL,1.6,0,0,1,25.31,grocery,0
TXN-100234,2026-07-08 12:49:24.387296+00:00,60.07,23,34,75,42,0,0,mobile,debit_card,DE-BER,1.37,1,0,8,43.74,digital_goods,0
TXN-100235,2026-07-08 16:52:52.387296+00:00,32.61,6,41,281,31,0,0,tablet,credit_card,FR-PAR,2.9,0,0,1,23.4,fashion,0
TXN-100236,2026-07-08 20:19:07.387296+00:00,20.9,14,77,107,28,0,2,desktop,debit_card,SG-SIN,1.02,0,1,7,49.34,travel,0
TXN-100237,2026-07-08 21:20:07.387296+00:00,42.27,6,56,1068,68,0,0,mobile,debit_card,FR-PAR,5.45,1,0,8,32.73,subscriptions,0
TXN-100238,2026-07-09 00:31:27.387296+00:00,159.3,20,43,11,83,0,0,mobile,debit_card,US-TX,1.75,0,0,3,114.13,luxury,1
TXN-100239,2026-07-09 02:44:15.387296+00:00,86.97,7,18,70,26,0,0,desktop,credit_card,US-NY,1.1,0,0,3,63.48,fashion,0
TXN-100240,2026-07-09 03:54:37.387296+00:00,18.73,9,68,261,10,2,0,mobile,debit_card,SG-SIN,4.82,1,0,5,28.22,grocery,0
TXN-100241,2026-07-09 04:09:06.387296+00:00,95.3,16,34,446,140,1,1,tablet,debit_card,US-TX,2.38,4,0,11,51.15,travel,0
TXN-100242,2026-07-09 04:21:27.387296+00:00,156.68,10,77,12,6,0,0,mobile,paypal,US-NY,2.84,0,1,8,109.72,digital_goods,0
TXN-100243,2026-07-09 05:16:00.387296+00:00,86.57,5,58,674,74,1,1,desktop,debit_card,BR-SAO,4.81,2,0,5,80.42,fashion,0
TXN-100244,2026-07-09 08:53:53.387296+00:00,38.42,12,73,582,4,0,1,mobile,debit_card,IN-DEL,2.66,1,0,5,72.94,luxury,1
TXN-100245,2026-07-09 22:17:51.387296+00:00,325.06,8,38,76,14,0,0,desktop,credit_card,IN-DEL,3.0,0,0,9,195.59,fashion,0
TXN-100246,2026-07-10 01:52:41.387296+00:00,101.34,15,27,339,29,0,1,mobile,credit_card,GB-LON,9.43,0,0,0,66.98,digital_goods,0
TXN-100247,2026-07-10 04:06:29.387296+00:00,18.42,22,55,251,4,0,1,mobile,bank_transfer,US-CA,4.17,0,0,1,25.26,digital_goods,0
TXN-100248,2026-07-10 15:35:23.387296+00:00,82.48,16,60,34,31,0,0,desktop,wallet,BR-SAO,6.2,1,0,0,58.78,luxury,0
TXN-100249,2026-07-10 20:31:19.387296+00:00,22.45,21,52,74,10,0,1,desktop,debit_card,AU-SYD,1.39,0,0,6,34.18,electronics,0
TXN-100250,2026-07-10 22:25:59.387296+00:00,97.9,9,53,240,121,0,0,desktop,credit_card,DE-BER,5.48,0,0,13,36.56,grocery,0
TXN-100251,2026-07-11 01:01:23.387296+00:00,17.58,8,64,237,5,0,0,mobile,credit_card,US-NY,2.56,3,0,9,36.58,grocery,0
TXN-100252,2026-07-11 01:02:59.387296+00:00,219.36,17,47,383,31,0,1,desktop,credit_card,US-NY,0.72,0,0,6,114.63,grocery,1
TXN-100253,2026-07-11 02:57:32.387296+00:00,50.77,19,43,93,11,0,0,desktop,paypal,US-NY,7.25,0,0,13,54.89,digital_goods,0
TXN-100254,2026-07-11 04:32:10.387296+00:00,36.82,20,60,809,32,0,4,desktop,credit_card,GB-LON,5.09,0,0,3,33.41,subscriptions,0
TXN-100255,2026-07-11 05:44:38.387296+00:00,154.93,10,29,372,21,0,1,mobile,debit_card,DE-BER,2.86,0,0,2,101.81,luxury,0
TXN-100256,2026-07-11 06:17:59.387296+00:00,36.96,19,45,541,48,0,0,tablet,credit_card,SG-SIN,1.46,1,0,10,47.05,fashion,0
TXN-100257,2026-07-11 06:57:28.387296+00:00,231.65,11,35,616,11,0,1,mobile,credit_card,SG-SIN,2.16,3,0,7,158.93,fashion,0
TXN-100258,2026-07-11 10:12:27.387296+00:00,26.73,15,27,335,64,0,1,mobile,debit_card,US-CA,0.52,0,0,17,33.17,luxury,0
TXN-100259,2026-07-11 12:56:04.387296+00:00,37.99,19,50,75,37,0,1,desktop,wallet,GB-LON,3.48,0,1,6,44.88,fashion,0
TXN-100260,2026-07-11 22:14:27.387296+00:00,57.65,9,21,110,45,0,1,mobile,credit_card,IN-DEL,2.81,6,0,7,48.65,electronics,0
TXN-100261,2026-07-12 02:27:35.387296+00:00,34.1,20,44,167,35,1,2,mobile,credit_card,SG-SIN,3.55,0,0,3,48.0,digital_goods,0
TXN-100262,2026-07-12 10:10:32.387296+00:00,39.86,20,23,120,52,0,1,mobile,credit_card,AU-SYD,3.54,0,0,1,73.55,travel,0
TXN-100263,2026-07-12 10:32:32.387296+00:00,22.87,8,46,191,248,0,2,mobile,credit_card,US-CA,8.14,0,0,4,38.9,travel,0
TXN-100264,2026-07-12 15:22:26.387296+00:00,25.97,10,28,523,8,0,1,desktop,paypal,AU-SYD,7.09,0,1,15,48.3,grocery,0
TXN-100265,2026-07-12 16:42:50.387296+00:00,16.49,8,51,794,19,0,5,desktop,paypal,US-NY,2.4,0,0,10,46.18,grocery,0
TXN-100266,2026-07-12 22:18:42.387296+00:00,42.11,11,23,1275,11,0,1,mobile,credit_card,SG-SIN,0.78,1,0,6,46.7,luxury,0
TXN-100267,2026-07-13 02:11:47.387296+00:00,61.62,16,41,149,15,0,0,desktop,debit_card,GB-LON,4.08,2,0,17,58.25,travel,0
TXN-100268,2026-07-13 05:16:28.387296+00:00,25.86,7,35,161,23,0,0,desktop,debit_card,BR-SAO,1.79,2,0,1,34.5,subscriptions,0
TXN-100269,2026-07-13 09:01:02.387296+00:00,47.44,11,31,2022,18,0,1,desktop,debit_card,IN-DEL,3.93,0,0,1,62.92,grocery,0
TXN-100270,2026-07-13 09:22:33.387296+00:00,36.31,15,56,301,32,3,3,mobile,credit_card,US-CA,2.38,1,0,9,39.79,grocery,0
TXN-100271,2026-07-13 10:18:04.387296+00:00,224.73,21,29,354,15,0,0,desktop,credit_card,US-TX,3.73,0,0,4,253.69,subscriptions,0
TXN-100272,2026-07-13 11:03:32.387296+00:00,22.72,7,43,255,26,0,2,mobile,credit_card,SG-SIN,4.25,1,1,4,23.61,digital_goods,0
TXN-100273,2026-07-13 11:08:53.387296+00:00,62.67,14,24,226,28,0,0,mobile,credit_card,BR-SAO,1.65,0,0,14,62.02,travel,0
TXN-100274,2026-07-13 12:23:47.387296+00:00,174.83,17,46,380,24,0,0,mobile,credit_card,US-NY,1.03,1,0,0,58.96,digital_goods,0
TXN-100275,2026-07-13 15:52:00.387296+00:00,39.35,22,62,157,10,0,0,mobile,wallet,SG-SIN,0.44,0,1,21,52.64,subscriptions,0
TXN-100276,2026-07-13 16:20:52.387296+00:00,60.37,13,64,583,126,0,2,desktop,credit_card,US-CA,0.99,4,0,20,65.98,electronics,0
TXN-100277,2026-07-13 22:21:28.387296+00:00,28.5,10,65,426,60,0,2,tablet,credit_card,BR-SAO,5.53,1,1,2,40.6,subscriptions,0
TXN-100278,2026-07-14 06:56:56.387296+00:00,61.29,2,29,62,100,0,0,mobile,debit_card,BR-SAO,6.81,1,0,2,61.82,subscriptions,0
TXN-100279,2026-07-14 10:22:47.387296+00:00,25.88,10,73,166,11,0,3,mobile,credit_card,US-NY,1.92,0,0,6,51.8,electronics,0
TXN-100280,2026-07-14 15:47:32.387296+00:00,53.32,17,22,86,9,0,1,mobile,bank_transfer,AU-SYD,3.78,4,0,8,58.54,luxury,0
TXN-100281,2026-07-14 17:29:23.387296+00:00,107.47,9,52,298,24,0,1,mobile,bank_transfer,FR-PAR,2.12,5,0,7,105.05,luxury,0
TXN-100282,2026-07-14 18:23:31.387296+00:00,52.02,0,66,556,37,0,4,desktop,debit_card,DE-BER,4.4,0,0,3,28.43,grocery,0
TXN-100283,2026-07-14 19:17:29.387296+00:00,50.4,12,36,103,4,0,2,mobile,credit_card,IN-DEL,1.11,2,0,17,77.7,travel,0
TXN-100284,2026-07-15 01:41:10.387296+00:00,261.85,9,42,498,40,0,1,mobile,credit_card,US-CA,2.81,0,0,0,133.53,travel,0
TXN-100285,2026-07-15 06:07:14.387296+00:00,21.25,9,41,455,51,2,0,tablet,wallet,GB-LON,1.39,0,0,5,18.35,digital_goods,0
TXN-100286,2026-07-15 06:58:20.387296+00:00,132.58,9,67,165,87,0,2,mobile,credit_card,US-NY,5.21,2,0,2,183.1,electronics,0
TXN-100287,2026-07-15 08:24:29.387296+00:00,28.27,14,27,178,27,0,1,desktop,debit_card,GB-LON,2.39,1,0,3,30.96,travel,0
TXN-100288,2026-07-15 12:59:27.387296+00:00,15.89,17,62,624,24,0,1,mobile,credit_card,US-CA,4.47,1,0,14,35.21,travel,0
TXN-100289,2026-07-15 17:05:45.387296+00:00,73.63,11,60,1628,33,0,1,mobile,debit_card,FR-PAR,1.74,1,0,2,66.78,electronics,0
TXN-100290,2026-07-15 20:15:28.387296+00:00,46.27,23,62,1457,10,0,0,desktop,debit_card,US-TX,2.06,5,0,3,49.11,digital_goods,1
TXN-100291,2026-07-15 22:18:50.387296+00:00,36.91,18,64,792,37,0,0,mobile,bank_transfer,DE-BER,1.33,1,1,3,42.99,electronics,0
TXN-100292,2026-07-16 06:40:01.387296+00:00,402.81,19,64,632,74,0,2,mobile,paypal,GB-LON,3.31,0,0,1,161.07,travel,0
TXN-100293,2026-07-16 06:49:46.387296+00:00,63.24,16,65,165,19,0,2,mobile,wallet,FR-PAR,3.92,1,0,0,99.48,luxury,0
TXN-100294,2026-07-16 09:33:19.387296+00:00,22.28,20,41,4000,17,0,1,desktop,debit_card,US-CA,2.49,0,0,12,24.41,grocery,0
TXN-100295,2026-07-16 11:00:41.387296+00:00,23.73,12,49,285,34,0,2,mobile,debit_card,US-CA,1.11,2,0,2,65.46,luxury,0
TXN-100296,2026-07-16 12:52:54.387296+00:00,29.62,12,24,96,31,0,1,mobile,bank_transfer,DE-BER,1.01,0,0,6,34.74,fashion,0
TXN-100297,2026-07-16 18:36:43.387296+00:00,125.56,19,44,34,51,0,3,tablet,paypal,US-NY,2.37,0,0,20,168.97,grocery,0
TXN-100298,2026-07-17 03:24:52.387296+00:00,63.9,9,35,345,20,0,0,mobile,credit_card,US-NY,1.68,0,1,4,44.39,electronics,0
TXN-100299,2026-07-17 03:32:50.387296+00:00,13.75,19,77,366,239,0,0,desktop,credit_card,FR-PAR,4.71,0,0,7,56.21,fashion,0
TXN-100300,2026-07-17 05:21:20.387296+00:00,124.15,17,73,315,17,0,0,desktop,credit_card,GB-LON,3.21,0,0,0,62.93,subscriptions,0
TXN-100301,2026-07-17 09:15:43.387296+00:00,38.68,4,67,1621,55,0,1,mobile,paypal,AU-SYD,3.71,0,0,7,23.34,luxury,0
TXN-100302,2026-07-17 16:00:43.387296+00:00,144.86,22,29,225,10,0,1,mobile,credit_card,FR-PAR,1.29,0,0,11,117.7,luxury,1
TXN-100303,2026-07-17 17:14:36.387296+00:00,244.81,19,33,540,29,0,1,mobile,credit_card,US-CA,2.45,0,0,10,225.55,subscriptions,0
TXN-100304,2026-07-17 22:13:49.387296+00:00,30.65,9,73,446,5,0,0,mobile,wallet,IN-DEL,7.88,0,0,4,21.61,fashion,0
TXN-100305,2026-07-18 07:00:50.387296+00:00,42.74,18,30,296,65,0,1,mobile,credit_card,BR-SAO,1.05,0,1,1,154.54,electronics,0
TXN-100306,2026-07-18 14:27:52.387296+00:00,54.59,12,61,1177,10,0,2,mobile,debit_card,AU-SYD,1.57,6,0,17,85.13,fashion,0
TXN-100307,2026-07-19 06:37:40.387296+00:00,102.43,15,39,270,24,0,1,tablet,debit_card,SG-SIN,1.4,0,1,1,129.06,subscriptions,0
TXN-100308,2026-07-19 09:45:57.387296+00:00,29.94,16,70,541,18,0,1,tablet,debit_card,US-CA,0.86,1,0,4,40.63,subscriptions,0
TXN-100309,2026-07-19 17:27:54.387296+00:00,22.25,17,54,769,5,0,0,desktop,debit_card,US-CA,8.53,0,1,1,61.49,subscriptions,0
TXN-100310,2026-07-19 18:48:34.387296+00:00,34.38,13,58,87,41,2,0,mobile,credit_card,US-TX,1.87,0,0,3,60.72,subscriptions,0
TXN-100311,2026-07-19 18:54:15.387296+00:00,43.02,16,69,1060,17,0,0,mobile,bank_transfer,DE-BER,2.54,0,0,7,49.5,subscriptions,0
TXN-100312,2026-07-20 08:14:24.387296+00:00,131.86,17,67,100,107,0,2,desktop,credit_card,US-CA,8.02,0,0,10,82.55,fashion,0
TXN-100313,2026-07-20 09:40:09.387296+00:00,90.9,11,28,408,179,0,1,mobile,paypal,SG-SIN,0.6,0,1,6,167.0,electronics,0
TXN-100314,2026-07-20 21:35:07.387296+00:00,106.16,18,43,70,34,0,1,mobile,credit_card,US-NY,3.98,0,0,4,152.04,subscriptions,0
TXN-100315,2026-07-20 23:20:23.387296+00:00,39.0,13,45,123,36,0,0,desktop,credit_card,US-CA,1.1,2,0,4,56.65,subscriptions,0
TXN-100316,2026-07-21 01:01:42.387296+00:00,98.47,22,63,857,62,0,2,mobile,credit_card,IN-DEL,2.02,4,0,2,116.14,digital_goods,0
TXN-100317,2026-07-21 01:22:13.387296+00:00,98.66,20,44,287,6,0,2,mobile,wallet,AU-SYD,2.49,2,0,3,42.3,subscriptions,0
TXN-100318,2026-07-21 03:50:13.387296+00:00,18.41,18,54,592,10,0,1,mobile,debit_card,FR-PAR,2.51,2,0,9,22.89,subscriptions,0
TXN-100319,2026-07-21 04:45:29.387296+00:00,23.25,18,49,43,6,0,0,desktop,credit_card,US-NY,2.48,1,0,9,28.25,subscriptions,0
TXN-100320,2026-07-21 13:50:27.387296+00:00,76.6,17,55,308,24,0,0,mobile,debit_card,AU-SYD,6.89,0,0,7,80.09,travel,0
TXN-100321,2026-07-21 14:48:14.387296+00:00,54.98,12,49,744,29,0,1,desktop,debit_card,US-TX,3.2,0,0,4,43.37,grocery,0
TXN-100322,2026-07-21 21:46:35.387296+00:00,27.38,17,42,141,22,0,2,mobile,paypal,SG-SIN,6.21,0,0,10,48.44,grocery,0
TXN-100323,2026-07-22 06:45:14.387296+00:00,36.86,19,62,153,53,0,2,mobile,credit_card,FR-PAR,1.43,0,1,13,67.8,luxury,0
TXN-100324,2026-07-22 07:12:35.387296+00:00,109.7,17,73,116,51,3,0,tablet,credit_card,IN-DEL,1.89,0,0,9,143.8,luxury,0
TXN-100325,2026-07-22 09:19:04.387296+00:00,266.35,15,67,39,2,0,0,mobile,credit_card,SG-SIN,3.22,2,0,2,67.57,electronics,0
TXN-100326,2026-07-22 14:58:44.387296+00:00,17.15,22,40,65,19,0,1,mobile,credit_card,SG-SIN,1.31,0,0,1,33.85,electronics,0
TXN-100327,2026-07-22 15:38:57.387296+00:00,14.65,11,63,344,42,0,2,mobile,debit_card,GB-LON,1.92,0,0,3,39.75,grocery,0
TXN-100328,2026-07-22 19:03:03.387296+00:00,50.19,20,39,206,51,0,1,mobile,wallet,AU-SYD,2.38,0,0,11,40.54,subscriptions,0
TXN-100329,2026-07-22 19:53:30.387296+00:00,97.15,9,33,671,24,0,1,mobile,debit_card,US-NY,0.85,0,0,4,53.32,digital_goods,0
TXN-100330,2026-07-22 20:20:07.387296+00:00,28.79,7,33,35,98,0,4,desktop,credit_card,GB-LON,4.41,0,0,3,60.38,grocery,0
TXN-100331,2026-07-22 20:31:39.387296+00:00,131.46,5,52,137,44,0,1,mobile,credit_card,FR-PAR,0.99,0,0,4,110.01,grocery,0
TXN-100332,2026-07-23 02:06:18.387296+00:00,82.57,23,64,44,6,0,0,tablet,wallet,DE-BER,1.51,0,0,0,56.3,travel,0
TXN-100333,2026-07-23 02:48:29.387296+00:00,55.21,13,73,224,9,0,0,desktop,wallet,DE-BER,2.36,1,1,0,69.29,luxury,0
TXN-100334,2026-07-23 05:54:06.387296+00:00,230.25,16,56,215,34,0,1,desktop,paypal,US-TX,8.87,1,0,0,162.54,digital_goods,0
TXN-100335,2026-07-23 09:06:06.387296+00:00,135.81,12,75,201,70,0,0,mobile,credit_card,US-TX,1.66,0,0,0,108.16,digital_goods,0
TXN-100336,2026-07-23 17:03:18.387296+00:00,107.88,11,41,232,49,0,3,mobile,debit_card,GB-LON,1.1,0,0,1,111.84,electronics,0
TXN-100337,2026-07-23 19:05:00.387296+00:00,79.38,11,38,231,12,0,0,mobile,wallet,BR-SAO,3.47,0,0,0,83.92,electronics,0
TXN-100338,2026-07-24 01:10:25.387296+00:00,49.56,10,44,866,45,0,0,desktop,credit_card,US-NY,3.19,0,1,28,39.33,grocery,0
TXN-100339,2026-07-24 11:40:07.387296+00:00,35.45,15,32,657,20,1,1,tablet,credit_card,US-NY,2.53,4,0,5,44.67,fashion,0
TXN-100340,2026-07-24 13:15:13.387296+00:00,422.1,7,48,511,13,0,1,tablet,bank_transfer,GB-LON,3.29,0,0,4,180.55,luxury,0
TXN-100341,2026-07-24 19:41:46.387296+00:00,53.72,5,18,741,31,0,2,mobile,bank_transfer,US-NY,1.61,0,0,7,42.61,luxury,0
TXN-100342,2026-07-24 19:44:36.387296+00:00,114.65,19,77,338,12,1,0,desktop,bank_transfer,US-CA,1.77,0,0,7,115.55,electronics,0
TXN-100343,2026-07-24 22:41:02.387296+00:00,60.1,11,31,333,44,0,0,desktop,credit_card,FR-PAR,4.26,0,1,7,58.39,electronics,0
TXN-100344,2026-07-24 23:48:52.387296+00:00,50.08,12,46,115,10,0,1,mobile,debit_card,BR-SAO,3.55,0,0,6,66.84,electronics,0
TXN-100345,2026-07-25 00:52:16.387296+00:00,37.61,21,29,151,16,0,1,desktop,credit_card,US-TX,2.76,0,0,4,34.68,travel,0
TXN-100346,2026-07-25 02:57:53.387296+00:00,67.62,6,56,107,2,0,1,desktop,credit_card,IN-DEL,4.41,0,0,3,113.88,electronics,0
TXN-100347,2026-07-25 03:06:19.387296+00:00,75.33,9,26,1436,27,0,1,desktop,credit_card,US-NY,8.28,0,0,2,67.7,travel,0
TXN-100348,2026-07-25 09:22:12.387296+00:00,267.79,19,55,532,24,0,2,desktop,paypal,SG-SIN,2.82,1,0,18,142.07,subscriptions,0
TXN-100349,2026-07-25 13:11:33.387296+00:00,63.57,15,70,667,3,0,1,desktop,credit_card,AU-SYD,1.08,0,0,11,31.98,subscriptions,1
TXN-100350,2026-07-25 16:14:48.387296+00:00,36.25,10,69,268,25,0,0,mobile,bank_transfer,AU-SYD,2.18,3,0,3,27.96,grocery,0
TXN-100351,2026-07-25 17:31:52.387296+00:00,51.27,18,52,298,41,0,1,tablet,credit_card,IN-DEL,1.86,0,1,10,31.13,grocery,0
TXN-100352,2026-07-26 07:40:32.387296+00:00,44.2,12,54,4000,10,1,2,mobile,credit_card,IN-DEL,1.96,1,0,1,54.93,fashion,0
TXN-100353,2026-07-26 08:35:58.387296+00:00,198.41,17,26,606,25,0,0,mobile,credit_card,US-NY,3.13,0,0,0,94.36,grocery,0
TXN-100354,2026-07-26 08:51:54.387296+00:00,210.17,10,61,59,33,0,0,mobile,bank_transfer,DE-BER,3.09,2,0,10,136.02,electronics,0
TXN-100355,2026-07-26 22:59:41.387296+00:00,98.5,9,39,360,72,0,0,mobile,debit_card,FR-PAR,0.9,0,0,15,59.83,grocery,0
TXN-100356,2026-07-27 00:15:12.387296+00:00,55.66,4,38,155,41,0,1,desktop,bank_transfer,GB-LON,0.99,2,0,24,48.45,grocery,0
TXN-100357,2026-07-27 02:26:19.387296+00:00,56.01,12,18,884,16,0,1,mobile,debit_card,DE-BER,3.27,2,1,6,64.5,grocery,0
TXN-100358,2026-07-27 14:54:11.387296+00:00,23.79,15,32,118,22,0,2,mobile,credit_card,US-CA,4.16,1,0,0,38.21,subscriptions,0
TXN-100359,2026-07-27 17:58:54.387296+00:00,115.49,18,39,704,14,0,0,desktop,debit_card,BR-SAO,2.94,2,0,0,57.57,subscriptions,0
TXN-100360,2026-07-27 23:07:55.387296+00:00,129.74,8,73,29,35,0,0,mobile,wallet,SG-SIN,2.14,0,0,18,39.51,digital_goods,0
TXN-100361,2026-07-28 06:53:29.387296+00:00,56.38,15,30,357,14,0,1,desktop,credit_card,FR-PAR,7.49,4,0,6,39.07,digital_goods,0
TXN-100362,2026-07-28 16:08:10.387296+00:00,66.73,13,61,169,18,0,4,mobile,credit_card,BR-SAO,1.98,0,1,3,78.96,grocery,0
TXN-100363,2026-07-28 16:32:28.387296+00:00,106.0,21,74,722,15,0,1,desktop,credit_card,GB-LON,5.57,0,0,2,106.41,luxury,0
TXN-100364,2026-07-28 21:59:42.387296+00:00,20.71,21,28,91,65,0,2,mobile,credit_card,GB-LON,2.49,0,0,0,34.98,travel,0
TXN-100365,2026-07-29 11:44:19.387296+00:00,27.81,11,21,402,111,0,1,desktop,paypal,DE-BER,4.24,0,0,5,63.56,grocery,0
TXN-100366,2026-07-29 12:05:35.387296+00:00,79.83,13,73,227,16,0,2,desktop,wallet,GB-LON,1.89,0,0,11,52.16,luxury,0
TXN-100367,2026-07-30 02:15:47.387296+00:00,59.7,20,23,83,38,0,0,desktop,debit_card,IN-DEL,4.66,0,0,3,89.02,luxury,0
TXN-100368,2026-07-30 03:56:08.387296+00:00,78.88,16,23,484,13,0,1,desktop,wallet,FR-PAR,4.51,2,0,0,83.44,fashion,0
TXN-100369,2026-07-30 07:50:26.387296+00:00,75.94,6,45,608,29,0,1,desktop,credit_card,SG-SIN,3.27,0,0,6,61.24,digital_goods,0
TXN-100370,2026-07-30 08:42:59.387296+00:00,45.9,12,35,286,22,0,0,desktop,paypal,US-NY,6.43,0,0,4,54.64,fashion,0
TXN-100371,2026-07-30 10:08:32.387296+00:00,103.38,18,60,24,59,0,0,mobile,debit_card,AU-SYD,2.23,2,0,22,94.3,electronics,0
TXN-100372,2026-07-30 16:30:06.387296+00:00,45.96,7,58,406,58,0,1,mobile,paypal,FR-PAR,2.01,0,0,0,38.44,travel,1
TXN-100373,2026-07-30 18:07:33.387296+00:00,105.6,8,65,127,22,0,1,mobile,bank_transfer,FR-PAR,0.65,1,0,3,137.35,grocery,0
TXN-100374,2026-07-30 23:11:22.387296+00:00,149.88,23,49,40,4,2,1,mobile,wallet,US-NY,2.76,0,1,12,99.05,grocery,0
TXN-100375,2026-07-31 05:24:06.387296+00:00,49.16,12,44,360,81,0,0,mobile,debit_card,GB-LON,8.83,0,0,2,38.71,electronics,0
TXN-100376,2026-07-31 22:33:11.387296+00:00,118.07,15,32,259,15,0,2,mobile,debit_card,US-NY,0.51,1,0,11,47.01,electronics,0
TXN-100377,2026-07-31 22:58:40.387296+00:00,37.6,5,24,179,74,0,0,mobile,debit_card,FR-PAR,5.31,1,1,3,51.46,fashion,0
TXN-100378,2026-07-31 23:11:58.387296+00:00,27.29,8,39,27,47,0,0,mobile,credit_card,US-TX,4.51,1,0,0,27.03,digital_goods,0
TXN-100379,2026-08-01 12:12:17.387296+00:00,54.89,11,34,88,17,0,0,desktop,wallet,BR-SAO,0.6,3,0,13,52.98,subscriptions,0
TXN-100380,2026-08-01 14:30:10.387296+00:00,81.48,15,28,88,5,1,0,desktop,credit_card,DE-BER,3.2,0,0,5,90.79,travel,1
TXN-100381,2026-08-02 02:36:35.387296+00:00,14.25,9,57,451,19,1,1,mobile,debit_card,US-TX,1.29,0,0,0,47.43,fashion,0
TXN-100382,2026-08-02 09:16:38.387296+00:00,116.07,8,60,223,38,0,1,mobile,paypal,GB-LON,1.75,2,1,14,117.34,travel,0
TXN-100383,2026-08-02 11:03:06.387296+00:00,18.79,12,59,66,10,0,2,mobile,credit_card,AU-SYD,1.92,4,0,8,27.92,subscriptions,0
TXN-100384,2026-08-02 14:02:44.387296+00:00,160.83,19,21,146,8,0,1,desktop,paypal,DE-BER,3.1,0,0,1,170.38,digital_goods,0
TXN-100385,2026-08-02 19:39:17.387296+00:00,143.72,14,33,942,55,0,1,mobile,credit_card,US-NY,1.17,0,0,9,134.53,grocery,0
TXN-100386,2026-08-02 22:44:53.387296+00:00,90.74,14,65,163,15,1,0,mobile,credit_card,GB-LON,0.3,0,0,20,75.33,electronics,1
TXN-100387,2026-08-03 09:26:34.387296+00:00,81.89,9,54,581,38,0,2,tablet,credit_card,SG-SIN,3.08,0,0,9,100.11,subscriptions,0
TXN-100388,2026-08-03 16:35:46.387296+00:00,44.32,21,49,195,16,0,1,tablet,bank_transfer,US-NY,0.1,0,0,2,53.17,fashion,0
TXN-100389,2026-08-03 22:27:03.387296+00:00,53.0,10,31,408,72,4,0,desktop,bank_transfer,GB-LON,4.27,0,0,11,69.14,subscriptions,1
TXN-100390,2026-08-04 02:12:07.387296+00:00,16.33,17,56,452,4,0,1,desktop,credit_card,AU-SYD,1.25,2,0,0,68.24,subscriptions,0
TXN-100391,2026-08-04 03:14:09.387296+00:00,43.99,14,66,518,11,0,1,desktop,debit_card,BR-SAO,2.15,5,0,4,59.98,travel,0
TXN-100392,2026-08-04 03:54:03.387296+00:00,44.75,19,61,349,17,0,2,desktop,debit_card,AU-SYD,6.86,0,0,4,61.66,fashion,0
TXN-100393,2026-08-04 06:06:19.387296+00:00,9.4,17,62,200,4,0,2,desktop,credit_card,IN-DEL,2.25,2,0,1,24.62,electronics,0
TXN-100394,2026-08-04 06:19:23.387296+00:00,90.92,20,54,521,18,2,0,mobile,bank_transfer,IN-DEL,4.41,0,0,0,71.18,subscriptions,0
TXN-100395,2026-08-04 07:05:32.387296+00:00,137.19,11,57,127,90,0,0,mobile,credit_card,FR-PAR,1.42,0,1,4,119.29,luxury,0
TXN-100396,2026-08-04 10:47:55.387296+00:00,102.12,10,36,297,34,0,0,mobile,debit_card,BR-SAO,2.6,0,0,1,98.11,luxury,0
TXN-100397,2026-08-04 11:34:52.387296+00:00,26.06,15,66,146,24,0,2,mobile,credit_card,FR-PAR,14.92,3,0,1,31.47,electronics,1
TXN-100398,2026-08-04 16:58:07.387296+00:00,185.73,9,38,578,19,0,0,tablet,paypal,AU-SYD,2.51,1,0,0,73.05,fashion,0
TXN-100399,2026-08-04 18:09:48.387296+00:00,70.56,16,77,407,5,0,2,mobile,debit_card,IN-DEL,2.02,0,0,2,100.96,digital_goods,0
TXN-100400,2026-08-04 18:18:55.387296+00:00,36.03,12,73,279,29,0,2,mobile,bank_transfer,DE-BER,2.28,0,0,1,54.28,travel,0
TXN-100401,2026-08-05 00:00:42.387296+00:00,178.13,10,30,108,49,0,2,desktop,credit_card,FR-PAR,3.02,0,1,1,38.09,electronics,0
TXN-100402,2026-08-05 01:23:04.387296+00:00,69.28,16,31,252,9,0,2,mobile,credit_card,US-TX,1.06,3,0,0,75.96,fashion,1
TXN-100403,2026-08-05 01:35:40.387296+00:00,145.67,14,57,205,13,0,2,mobile,credit_card,DE-BER,4.23,1,0,3,102.37,electronics,0
TXN-100404,2026-08-05 04:25:57.387296+00:00,31.53,16,53,299,30,0,0,desktop,credit_card,AU-SYD,2.53,1,1,1,26.18,fashion,0
TXN-100405,2026-08-05 11:38:34.387296+00:00,14.7,19,28,211,8,0,0,desktop,credit_card,AU-SYD,4.08,0,0,14,29.45,subscriptions,0
TXN-100406,2026-08-05 12:21:57.387296+00:00,69.03,10,75,146,49,0,1,desktop,debit_card,DE-BER,3.08,1,1,2,47.94,electronics,1
TXN-100407,2026-08-05 16:58:59.387296+00:00,78.85,23,71,2210,51,0,1,mobile,bank_transfer,DE-BER,3.25,3,0,17,91.63,grocery,0
TXN-100408,2026-08-05 19:05:27.387296+00:00,146.94,15,29,125,13,0,0,mobile,wallet,FR-PAR,3.35,0,0,1,130.6,digital_goods,0
TXN-100409,2026-08-05 23:34:45.387296+00:00,113.37,18,77,286,10,0,0,desktop,paypal,US-CA,1.82,1,0,13,48.27,fashion,0
TXN-100410,2026-08-06 17:02:25.387296+00:00,111.25,10,74,143,89,0,0,mobile,credit_card,AU-SYD,1.2,2,0,4,65.6,travel,0
TXN-100411,2026-08-07 02:38:19.387296+00:00,27.46,8,32,543,18,0,2,tablet,debit_card,US-TX,5.31,2,0,0,61.34,luxury,0
TXN-100412,2026-08-07 06:11:26.387296+00:00,37.68,7,69,211,16,0,1,mobile,credit_card,IN-DEL,3.05,0,0,1,28.74,electronics,0
TXN-100413,2026-08-07 07:49:57.387296+00:00,65.98,12,65,340,296,0,1,desktop,paypal,GB-LON,2.89,0,0,8,73.38,electronics,1
TXN-100414,2026-08-07 08:12:49.387296+00:00,32.45,8,32,190,22,0,1,mobile,paypal,DE-BER,1.07,1,0,17,58.86,luxury,0
TXN-100415,2026-08-07 14:41:03.387296+00:00,71.2,11,40,115,11,0,1,desktop,paypal,SG-SIN,0.44,0,0,1,96.33,fashion,0
TXN-100416,2026-08-07 14:58:10.387296+00:00,119.75,10,44,246,80,0,3,mobile,paypal,US-CA,5.17,2,0,0,107.25,electronics,0
TXN-100417,2026-08-07 19:19:21.387296+00:00,90.83,13,20,66,6,0,2,desktop,credit_card,US-NY,1.43,1,0,8,42.38,subscriptions,0
TXN-100418,2026-08-07 21:24:29.387296+00:00,57.11,1,64,161,3,0,0,mobile,wallet,IN-DEL,3.67,3,0,0,48.4,travel,0
TXN-100419,2026-08-07 22:03:14.387296+00:00,444.52,11,36,360,84,0,1,desktop,paypal,US-TX,4.14,0,0,1,159.59,luxury,0
TXN-100420,2026-08-08 02:36:07.387296+00:00,20.07,21,39,78,2,0,1,desktop,bank_transfer,SG-SIN,3.15,6,0,14,47.43,fashion,0
TXN-100421,2026-08-08 06:25:42.387296+00:00,142.31,11,76,37,3,0,2,mobile,debit_card,SG-SIN,2.19,0,0,1,64.3,subscriptions,1
TXN-100422,2026-08-08 10:13:09.387296+00:00,72.18,22,60,291,9,0,2,desktop,debit_card,IN-DEL,7.71,1,0,0,53.65,grocery,0
TXN-100423,2026-08-08 16:29:33.387296+00:00,85.15,6,42,180,94,0,1,mobile,paypal,BR-SAO,2.93,0,0,2,87.27,grocery,0
TXN-100424,2026-08-08 18:19:44.387296+00:00,27.35,0,64,109,9,0,2,tablet,credit_card,FR-PAR,2.44,0,1,1,59.15,digital_goods,0
TXN-100425,2026-08-08 22:11:22.387296+00:00,135.32,14,64,638,46,0,2,desktop,credit_card,SG-SIN,1.79,0,0,2,104.43,subscriptions,0
TXN-100426,2026-08-09 04:33:30.387296+00:00,107.32,10,33,384,19,1,1,tablet,credit_card,FR-PAR,3.0,1,0,3,60.97,fashion,0
TXN-100427,2026-08-09 20:06:59.387296+00:00,53.12,17,62,77,102,0,3,desktop,paypal,GB-LON,3.05,2,0,0,28.27,fashion,0
TXN-100428,2026-08-09 20:29:46.387296+00:00,49.95,14,56,84,33,0,2,desktop,paypal,US-TX,2.3,0,1,8,77.52,luxury,0
TXN-100429,2026-08-09 22:42:16.387296+00:00,44.02,18,22,145,92,0,3,mobile,credit_card,GB-LON,1.93,0,0,1,49.82,grocery,0
TXN-100430,2026-08-10 05:56:09.387296+00:00,248.11,9,41,66,134,0,2,desktop,debit_card,DE-BER,1.72,1,0,0,146.25,subscriptions,0
TXN-100431,2026-08-10 05:56:37.387296+00:00,257.02,22,33,116,31,0,2,desktop,credit_card,DE-BER,1.73,0,0,4,177.78,fashion,0
TXN-100432,2026-08-10 13:36:08.387296+00:00,252.29,6,42,204,11,0,3,mobile,wallet,US-TX,2.29,0,0,4,118.71,grocery,0
TXN-100433,2026-08-10 14:50:41.387296+00:00,49.83,18,39,606,76,0,6,mobile,credit_card,AU-SYD,2.38,1,0,33,57.27,electronics,0
TXN-100434,2026-08-10 16:05:41.387296+00:00,111.88,4,25,198,20,0,2,mobile,wallet,US-CA,0.99,0,0,4,68.15,grocery,1
TXN-100435,2026-08-10 18:15:01.387296+00:00,49.9,2,61,221,22,0,2,desktop,debit_card,IN-DEL,1.7,1,0,7,85.03,subscriptions,0
TXN-100436,2026-08-10 20:53:50.387296+00:00,61.1,10,40,299,26,0,1,mobile,debit_card,BR-SAO,1.23,1,0,18,41.22,grocery,0
TXN-100437,2026-08-11 06:26:05.387296+00:00,43.55,9,31,579,7,0,2,mobile,debit_card,GB-LON,2.38,0,0,2,146.21,luxury,0
TXN-100438,2026-08-11 07:24:55.387296+00:00,20.89,9,72,430,11,0,0,mobile,credit_card,US-NY,2.83,0,0,3,31.03,travel,0
TXN-100439,2026-08-11 10:49:27.387296+00:00,15.5,21,31,608,109,0,2,mobile,bank_transfer,SG-SIN,1.64,0,1,3,17.23,grocery,0
TXN-100440,2026-08-11 13:03:19.387296+00:00,215.32,17,70,262,14,0,1,desktop,credit_card,US-TX,0.36,4,0,3,118.52,subscriptions,0
TXN-100441,2026-08-12 01:06:10.387296+00:00,20.37,13,47,975,68,0,0,desktop,paypal,US-TX,3.59,0,0,3,30.6,digital_goods,0
TXN-100442,2026-08-12 03:06:42.387296+00:00,48.37,22,25,1747,113,0,2,desktop,credit_card,SG-SIN,3.31,1,0,3,30.48,fashion,0
TXN-100443,2026-08-12 05:33:17.387296+00:00,29.42,0,36,675,9,0,0,mobile,credit_card,SG-SIN,0.86,0,0,14,20.32,grocery,0
TXN-100444,2026-08-12 06:28:33.387296+00:00,41.11,15,58,793,42,0,3,mobile,bank_transfer,US-CA,4.52,0,0,2,40.63,electronics,0
TXN-100445,2026-08-12 11:07:25.387296+00:00,79.67,12,28,175,16,0,3,mobile,paypal,SG-SIN,0.88,1,0,5,141.26,grocery,0
TXN-100446,2026-08-12 17:00:25.387296+00:00,76.07,16,29,141,22,0,0,desktop,credit_card,US-TX,1.74,0,0,13,49.95,luxury,0
TXN-100447,2026-08-12 17:12:25.387296+00:00,240.78,14,46,344,48,0,1,mobile,credit_card,BR-SAO,3.08,3,1,0,129.07,electronics,1
TXN-100448,2026-08-13 04:02:00.387296+00:00,20.76,21,75,85,4,0,1,desktop,bank_transfer,US-NY,3.74,2,0,2,37.27,grocery,0
TXN-100449,2026-08-13 10:20:14.387296+00:00,114.66,1,45,134,26,0,1,mobile,credit_card,GB-LON,5.54,0,0,7,81.57,luxury,0
TXN-100450,2026-08-13 10:20:49.387296+00:00,42.6,21,31,706,9,0,1,mobile,paypal,IN-DEL,6.49,1,1,4,76.82,electronics,1
TXN-100451,2026-08-13 13:06:28.387296+00:00,179.2,11,23,331,21,0,3,mobile,credit_card,US-TX,4.34,0,0,1,106.86,luxury,0
TXN-100452,2026-08-13 14:02:39.387296+00:00,92.39,4,25,745,12,0,1,mobile,paypal,SG-SIN,5.46,0,0,12,91.99,fashion,0
TXN-100453,2026-08-13 14:54:55.387296+00:00,212.47,18,76,64,24,0,2,mobile,debit_card,GB-LON,2.8,0,0,8,116.72,luxury,0
TXN-100454,2026-08-13 15:46:54.387296+00:00,70.6,12,64,378,44,0,0,desktop,credit_card,IN-DEL,2.0,4,0,0,72.36,digital_goods,0
TXN-100455,2026-08-13 22:08:49.387296+00:00,58.25,10,25,292,175,0,3,mobile,credit_card,FR-PAR,2.91,0,0,10,52.06,electronics,0
TXN-100456,2026-08-14 10:10:13.387296+00:00,24.44,11,65,1367,62,2,1,desktop,credit_card,FR-PAR,5.22,1,0,8,22.35,travel,0
TXN-100457,2026-08-14 17:30:00.387296+00:00,71.83,9,54,290,29,0,2,mobile,credit_card,FR-PAR,2.17,0,0,1,72.61,digital_goods,0
TXN-100458,2026-08-14 22:49:25.387296+00:00,310.97,15,20,220,37,0,0,mobile,paypal,SG-SIN,3.03,2,0,0,137.05,luxury,0
TXN-100459,2026-08-15 02:54:57.387296+00:00,112.44,15,35,168,40,0,1,mobile,credit_card,AU-SYD,0.75,1,0,3,50.11,grocery,0
TXN-100460,2026-08-15 09:10:03.387296+00:00,58.34,13,30,1014,14,1,1,desktop,credit_card,US-NY,2.61,0,1,4,119.32,fashion,0
TXN-100461,2026-08-15 13:26:16.387296+00:00,102.09,8,38,44,87,0,1,mobile,paypal,DE-BER,0.46,5,0,2,44.0,fashion,0
TXN-100462,2026-08-15 13:30:39.387296+00:00,97.59,12,43,146,163,0,4,mobile,wallet,US-NY,0.55,0,0,7,93.45,fashion,0
TXN-100463,2026-08-15 13:30:59.387296+00:00,143.0,6,50,879,56,0,0,desktop,paypal,US-TX,2.5,0,0,11,155.66,digital_goods,0
TXN-100464,2026-08-15 19:35:32.387296+00:00,170.92,13,63,28,32,0,0,mobile,debit_card,GB-LON,1.15,2,0,2,121.49,fashion,0
TXN-100465,2026-08-16 04:49:04.387296+00:00,201.37,22,63,105,52,1,1,desktop,credit_card,IN-DEL,3.62,0,0,9,173.56,subscriptions,1
TXN-100466,2026-08-16 09:58:28.387296+00:00,48.72,13,69,95,42,1,3,mobile,debit_card,BR-SAO,2.06,0,0,3,88.49,luxury,0
TXN-100467,2026-08-16 16:26:42.387296+00:00,61.24,18,63,115,84,0,1,mobile,bank_transfer,GB-LON,7.5,0,0,0,65.04,subscriptions,0
TXN-100468,2026-08-16 17:41:30.387296+00:00,72.44,19,62,33,92,0,1,mobile,bank_transfer,US-CA,0.66,0,0,8,52.23,electronics,0
TXN-100469,2026-08-16 17:58:57.387296+00:00,109.56,7,40,323,38,0,2,mobile,credit_card,US-NY,5.56,1,0,1,80.24,fashion,1
TXN-100470,2026-08-17 05:02:18.387296+00:00,98.89,12,51,167,6,0,0,mobile,credit_card,AU-SYD,2.74,0,1,2,129.12,digital_goods,0
TXN-100471,2026-08-17 14:28:40.387296+00:00,109.52,12,33,279,31,0,0,mobile,credit_card,US-NY,1.97,0,1,3,141.25,electronics,0
TXN-100472,2026-08-17 14:36:34.387296+00:00,77.73,17,42,1413,48,0,1,mobile,debit_card,GB-LON,1.82,0,0,4,133.3,electronics,0
TXN-100473,2026-08-17 17:09:36.387296+00:00,39.03,21,45,1276,63,0,3,tablet,paypal,SG-SIN,1.49,0,0,1,62.54,digital_goods,0
TXN-100474,2026-08-17 18:20:54.387296+00:00,40.42,13,19,184,31,0,2,mobile,bank_transfer,US-CA,3.33,0,0,2,54.46,subscriptions,0
TXN-100475,2026-08-18 00:00:34.387296+00:00,48.3,16,68,309,20,0,1,mobile,bank_transfer,US-CA,6.34,0,0,3,178.23,electronics,0
TXN-100476,2026-08-18 04:20:07.387296+00:00,84.36,0,45,309,211,0,4,desktop,credit_card,US-CA,4.41,0,1,10,55.95,luxury,0
TXN-100477,2026-08-18 05:38:03.387296+00:00,455.0,10,48,414,10,4,2,mobile,credit_card,GB-LON,3.23,0,0,5,81.95,fashion,0
TXN-100478,2026-08-18 09:43:18.387296+00:00,33.62,0,51,342,24,0,1,desktop,bank_transfer,FR-PAR,0.65,0,1,4,35.16,grocery,0
TXN-100479,2026-08-18 11:24:15.387296+00:00,71.79,11,76,1649,25,0,0,mobile,credit_card,GB-LON,2.52,0,0,13,78.93,luxury,0
TXN-100480,2026-08-18 12:09:16.387296+00:00,46.37,4,19,548,39,1,1,mobile,credit_card,IN-DEL,4.33,2,0,10,59.3,digital_goods,1
TXN-100481,2026-08-18 12:42:15.387296+00:00,27.67,14,34,193,42,0,0,desktop,debit_card,AU-SYD,7.02,2,0,14,30.98,electronics,0
TXN-100482,2026-08-18 17:46:46.387296+00:00,44.71,17,54,830,23,0,1,mobile,debit_card,US-NY,0.92,1,0,0,57.51,electronics,0
TXN-100483,2026-08-19 05:37:06.387296+00:00,37.33,15,64,540,30,0,1,desktop,credit_card,BR-SAO,0.57,0,0,2,41.9,luxury,0
TXN-100484,2026-08-19 11:48:18.387296+00:00,86.78,14,50,94,13,0,0,mobile,debit_card,IN-DEL,6.75,1,0,12,76.06,grocery,0
TXN-100485,2026-08-19 14:24:09.387296+00:00,38.8,14,68,1191,17,0,0,desktop,credit_card,DE-BER,2.17,0,1,0,64.96,grocery,0
TXN-100486,2026-08-19 20:01:40.387296+00:00,61.94,7,51,197,23,0,3,mobile,bank_transfer,DE-BER,1.14,1,0,16,92.56,electronics,0
TXN-100487,2026-08-19 22:03:44.387296+00:00,9.08,20,55,604,5,0,0,desktop,credit_card,AU-SYD,3.58,0,0,1,24.96,grocery,1
TXN-100488,2026-08-19 22:14:53.387296+00:00,82.12,17,64,427,15,0,1,mobile,credit_card,US-CA,3.14,0,1,4,78.62,fashion,0
TXN-100489,2026-08-20 05:02:43.387296+00:00,79.47,7,65,523,171,0,3,mobile,credit_card,US-NY,2.98,0,0,5,89.96,travel,0
TXN-100490,2026-08-20 10:24:47.387296+00:00,103.25,18,46,83,15,0,0,mobile,bank_transfer,FR-PAR,1.57,3,0,7,83.74,subscriptions,0
TXN-100491,2026-08-20 10:37:51.387296+00:00,84.76,5,27,61,43,0,0,desktop,credit_card,AU-SYD,2.84,0,0,17,67.24,electronics,0
TXN-100492,2026-08-20 12:01:06.387296+00:00,57.33,15,58,482,5,0,2,mobile,debit_card,AU-SYD,3.66,1,1,2,27.29,fashion,0
TXN-100493,2026-08-20 12:11:40.387296+00:00,106.41,21,32,310,37,0,2,tablet,credit_card,BR-SAO,1.45,1,0,10,70.15,fashion,0
TXN-100494,2026-08-20 17:13:56.387296+00:00,272.81,21,72,166,34,0,3,mobile,paypal,US-TX,3.22,4,0,3,188.5,grocery,0
TXN-100495,2026-08-21 03:47:11.387296+00:00,53.57,10,71,64,23,0,3,desktop,credit_card,GB-LON,3.06,1,0,4,30.64,digital_goods,0
TXN-100496,2026-08-21 06:28:51.387296+00:00,336.83,21,63,196,2,0,0,desktop,credit_card,AU-SYD,0.96,0,0,1,156.69,fashion,0
TXN-100497,2026-08-21 07:36:28.387296+00:00,62.67,14,24,274,27,0,0,desktop,debit_card,GB-LON,8.63,0,0,12,64.98,grocery,0
TXN-100498,2026-08-21 14:57:30.387296+00:00,23.67,16,76,79,5,0,1,mobile,debit_card,IN-DEL,6.61,0,0,6,29.6,electronics,0
TXN-100499,2026-08-22 18:26:26.387296+00:00,38.34,21,22,540,35,0,1,mobile,paypal,IN-DEL,0.53,0,0,8,33.98,travel,0
